Species Name,Distribution
Quercus acatenangensis,"MEXICO: (Oaxaca, Chiapas), CENTRAL AMERICA: GUATEMALA (Baja Verapaz, Chimaltenango, Guatemala, Huehuetenango, Jalapa, Quetzaltenango, Sacatepéquez, San Marcos, Sololá, Totonicapán, Zacapa), EL SALVADOR"
Quercus acherdophylla,MEXICO: (Veracruz)
Quercus aculcingensis,MEXICO: (Veracruz)
Quercus acutangula,MEXICO: (Guerrero)
Quercus acutifolia,"MEXICO: (Jalisco, Veracruz, Michoacán, México State, Guerrero, Oaxaca, Chiapas), CENTRAL AMERICA: GUATEMALA (Baja Verapaz, Chimaltenango, El Quiché, Guatemala, Huehuetenango, Jalapa, Quetzaltenango, Sacatepéquez, San Marcos, Santa Rosa, Sol"
Quercus aerea,"MEXICO: (Chihuahua, San Luis Potosí)"
Quercus affinis,"MEXICO: (Nuevo León, Tamaulipas, San Luis Potosí, Guanajuato, Querétaro, Hidalgo, Veracruz, Puebla, Guerrero, Oaxaca)"
Quercus agrifolia,"USA: (W & S California), MEXICO: (Baja California (Norte))"
Quercus agrifolia,"USA: (W & S California), MEXICO: (Baja California (Norte))"
Quercus agrifolia,"USA: (S California), MEXICO: (Baja California (Norte))"
Quercus ajoensis,"USA: (Arizona), MEXICO: (Baja California (Norte))"
Quercus albocincta,"MEXICO: (Sonora, Chihuahua, Sinaloa, Durango)"
Quercus alpescens,"MEXICO: (Nuevo León, Hidalgo)"
Quercus ariifolia,"MEXICO: Hidalgo, Nuevo León, Puebla, Queretaro, San Luis Potosi and Veracruz"
Quercus aristata,"MEXICO: (Sinaloa, Nayarit, Jalisco, Aguascalientes, Guanajuato, Guerrero)"
Quercus arizonica,"USA: (Arizona, New Mexico, W Texas), MEXICO: (Sonora, Chihuahua, Coahuila, Durango)"
Quercus ×basaseachicensis (Q. depressipes Trel. × Q. rugosa Née),"MEXICO: (Chihuahua, Durango)"
Quercus benthamii,"MEXICO: (Guerrero, Chiapas), CENTRAL AMERICA: GUATEMALA (Baja Verapaz, Chimaltenango, Jalapa, Jutiapa, Quetzaltenango, San Marcos, Sololá), EL SALVADOR, HONDURAS, NICARAGUA, COSTA RICA, PANAMA"
Quercus berberidifolia,"USA: (California), MEXICO: (Baja California (Norte))"
Quercus brachystachys,"MEXICO: (Chiapas), CENTRAL AMERICA: GUATEMALA (Chimaltenango, El Quiché, Guatemala, Huehuetenango, Jalapa, Quetzaltenango, Sacatepéquez)"
Quercus brandegeei,MEXICO: (Baja California Sur)
Quercus breedloveana,MEXICO: (Guerrero)
Quercus brenesii,"MEXICO: (Veracruz), CENTRAL AMERICA: NICARAGUA, COSTA RICA"
Quercus calophylla,"MEXICO: (Chihuahua, Sinaloa, W Durango, N Nayarit, Jalisco, Hidalgo, Veracruz, Michoacán, México State, México DF, Morelos, Puebla, Guerrero, Oaxaca, Chiapas), CENTRAL AMERICA: GUATEMALA (El Quiché, Huehuetenango, Jalapa, Sololá)"
Quercus canbyi,"USA: (Texas), MEXICO: (Coahuila, Neuvo León, Tamaulipas)"
Quercus canbyi,MEXICO:
Quercus carmenensis,"USA: (SW Texas), MEXICO: (Coahuila)"
Quercus castanea,"MEXICO: (SE Sonora, Sinaloa, W Durango, San Luis Potosí, Nayarit, Jalisco, Guanajuato, Querétaro, Hidalgo, Veracruz, Colima, Michoacán, México State, México DF, Morelos, Puebla, Guerrero, Oaxaca, Chiapas), CENTRAL AMERICA: EL SALVADOR"
Quercus castanea,MEXICO: (Zacatecas)
Quercus castanea,MEXICO:
Quercus cedrosensis,MEXICO: (Baja California (Norte): Isla de Cedros)
Quercus centenaria,"MEXICO: (Nayarit, Jalisco)"
Quercus charcasana,MEXICO: (San Luis Potosí)
Quercus chartacea,"MEXICO: (Oaxaca, Chiapas)"
Quercus chihuahuensis,"USA: (in hybrid swarms), MEXICO: (Sonora, W Chihuahua, Nuevo León, Sinaloa, W Durango, SW Zacatecas, San Luis Potosí, S Nayarit, N & NE Jalisco, Aguascalientes)"
Quercus chrysolepis,"USA: (Arizona, California, S Nevada, New Mexico, W Oregon), MEXICO: (Baja California (Norte), NW Chihuahua)"
Quercus coahuilensis,"MEXICO: (Chihuahua, Coahuila)"
Quercus coccolobifolia,"MEXICO: (San Luis Potosí, Guanajuato)"
Quercus coffeicolor,"MEXICO: (Sinaloa, Nayarit, Jalisco)"
Quercus confertifolia,"MEXICO: (Chihuahua, Sinaloa, SW Zacatecas, Durango, Nayarit, Jalisco, Aguascalientes, Guanajuato, Michoacán)"
Quercus convallata,"MEXICO: (Durango, Zacatecas, Nayarit, Jalisco)"
Quercus conzattii,"MEXICO: (Durango, Zacatecas, Nayarit, Jalisco, Oaxaca)"
Quercus conzattii,MEXICO: (Durango: Ferrería)
Quercus cornelius-mulleri,"USA: (California), MEXICO: (Baja California (Norte))"
Quercus cortesii,"MEXICO: (Puebla, Veracruz, Chiapas), CENTRAL AMERICA: BELIZE, GUATEMALA (Petén), HONDURAS, NICARAGUA, COSTA RICA, PANAMA"
Quercus crassifolia,"MEXICO: (Chihuahua, Durango, Zacatecas, San Luis Potosí, Jalisco, Guanajuato, Querétaro, Hidalgo, Veracruz, Michoacán, México State, México DF, Tlaxcala, Aguascalientes, Puebla, Guerrero, Oaxaca, Chiapas)"
Quercus crassipes,"MEXICO: (Jalisco, Guanajuato, Querétaro, Hidalgo, Colima, Michoacán, México State, México DF, Morelos, Tlaxcala, Puebla, Oaxaca)"
Quercus crassipes,MEXICO: (Puebla)
Quercus crassipes,MEXICO:
Quercus crispifolia,"MEXICO: (Guerrero, Oaxaca, Chiapas), CENTRAL AMERICA: GUATEMALA (Alta Verapaz, Chiquimula, Jalapa, San Marcos), EL SALVADOR"
Quercus crispipilis,"MEXICO: (Chiapas), CENTRAL AMERICA: GUATEMALA (Chimaltenango, El Quiché, Huehuetenango, Quetzaltenango, Sololá, Totonicapán)"
Quercus crispipilis,"MEXICO: (Chiapas), CENTRAL AMERICA: GUATEMALA (Chimaltenango, El Quiché, Huehuetenango, Quetzaltenango, Sololá, Totonicapán)"
Quercus crispipilis,"MEXICO: (Chiapas), CENTRAL AMERICA: GUATEMALA (Chimaltenango, El Quiché, Guatemala, Huehuetenango, Quetzaltenango)"
Quercus cualensis,MEXICO: (Jalisco)
Quercus cupreata,"MEXICO: (Described as a species from Sierra Madre Oriental, Nuevo León)"
Quercus delgadoana,"MEXICO: (Hidalgo, Puebla, Veracruz)"
Quercus delgadoana,MEXICO: (Veracruz)
Quercus deliquescens,MEXICO: (Chihuahua)
Quercus depressa,"MEXICO: (Hidalgo, Veracruz, Puebla, Oaxaca)"
Quercus depressipes,"USA: (W Texas), MEXICO: (Chihuahua, Durango, S Zacatecas, N Jalisco)"
Quercus deserticola,"MEXICO: (Jalisco, S Guanajuato, Querétaro, Hidalgo, Michoacán)"
Quercus devia,"MEXICO: (Baja California Sur: Sierra de la Laguna, Cape Reg.)"
Quercus diversifolia,"MEXICO: (México State, México DF, Puebla)"
Quercus dumosa,"USA: (S California), MEXICO: (Baja California (Norte))"
Quercus duratifolia,MEXICO: (Chiapas)
Quercus durifolia,"MEXICO: (Sonora, Chihuahua, Sinaloa, Durango)"
Quercus ×dysophylla (Q. crassifolia Bonpl. × Q. crassipes Bonpl.),"MEXICO: (Guanajuato, Querétaro, Hidalgo, Veracruz, Michoacán, México State, México DF, Tlaxcala)"
Quercus eduardi,"MEXICO: (Chihuahua, Tamaulipas, Durango, SW Zacatecas, San Luis Potosí, N Nayarit, Jalisco, Aguascalientes, Guanajuato, Querétaro, Hidalgo, Veracruz, Michoacán)"
Quercus edwardsiae,MEXICO: (Nuevo León)
Quercus elliptica,"MEXICO: (Sinaloa, Nayarit, Jalisco, Veracruz, Michoacán, México State, Guerrero, Oaxaca, Chiapas), CENTRAL AMERICA: BELIZE, GUATEMALA (Chiquimula, Huehuetenango, Zacapa), EL SALVADOR, HONDURAS, NICARAGUA"
Quercus emoryi,"USA: (Arizona, New Mexico, W Texas), MEXICO: (Sonora, Chihuahua, Coahuila, Nuevo León, Tamaulipas, Durango)"
Quercus engelmannii,"USA: (S California), MEXICO: (Baja California (Norte))"
Quercus flagellifera,"MEXICO: (Chiapas), CENTRAL AMERICA: GUATEMALA (Alta Verapaz, Chiquimula, El Progreso, Huehuetenango, San Marcos, Sololá, Suchitepéquez)"
Quercus floccosa,MEXICO: (Veracruz)
Quercus flocculenta,MEXICO: (Nuevo León)
Quercus frutex,"MEXICO: (Hidalgo, Michoacán, México State, México DF, Tlaxcala, Puebla, Oaxaca)"
Quercus fulva,"MEXICO: (Chihuahua, Sinaloa, Nuevo León, Durango, Nayarit, Jalisco)"
Quercus furfuracea,"MEXICO: (San Luis Potosí, Puebla)"
Quercus fusiformis,"USA: (SW Oklahoma, Texas), MEXICO: (Coahuila, Nuevo León, Tamaulipas)"
Quercus galeanensis,MEXICO: (Nuevo León)
Quercus galeottii,MEXICO: (Veracruz)
Quercus gambelii,"USA: (Arizona, Colorado, Nevada, New Mexico, Oklahoma, Texas, Utah, Wyoming), MEXICO: (Sonora, Chihuahua, Coahuila)"
Quercus germana,"MEXICO: (Tamaulipas, San Luis Potosí, Querétaro, Veracruz, Hidalgo, Puebla, Oaxaca)"
Quercus ghiesbreghtii,MEXICO: (Veracruz)
Quercus glabrescens,"MEXICO: (San Luis Potosí, Querétaro, Hidalgo, Veracruz, Michoacán, México State, México DF, Tlaxcala, Puebla, Oaxaca)"
Quercus glaucescens,"MEXICO: (Sinaloa, Nayarit, Jalisco, Querétaro, Veracruz, Michoacán, Guerrero, Oaxaca)"
Quercus glaucoides,"MEXICO: (Sinaloa, Zacatecas, Nuevo León, Tamaulipas, San Luis Potosí, Nayarit, Jalisco, S Guanajuato, Hidalgo, Michoacán, México State, Morelos, Puebla, Guerrero, Oaxaca)"
Quercus grahamii,"MEXICO: (Jalisco, Veracruz, Michoacán, México State, Puebla, Guerrero, Oaxaca, Chiapas), CENTRAL AMERICA: BELIZE, GUATEMALA (El Progreso, Guatemala, Huehuetenango), EL SALVADOR, HONDURAS"
Quercus grahamii,MEXICO: (Puebla)
Quercus gravesii,"USA: (SW Texas), MEXICO: (Coahuila)"
Quercus greggii,"MEXICO: (Coahuila, Nuevo León, Tamaulipas, Durango, San Luis Potosí, Nayarit, Querétaro, Hidalgo, Veracruz, Puebla, Oaxaca)"
Quercus grisea,"USA: (Arizona, New Mexico, W Texas), MEXICO: (Sonora, Chihuahua, Coahuila, Nuevo León, Durango, Zacatecas, San Luis Potosí, Jalisco, Aguascalientes, Guanajuato, Querétaro, Veracruz)"
Quercus hinckleyi,"USA: (Texas: Presidio County), MEXICO: (Sonora, N Chihuahua)"
Quercus hintonii,"MEXICO: (Michoacán, México State)"
Quercus hintoniorum,MEXICO: (Coahuila)
Quercus hirtifolia,"MEXICO: (Hidalgo, Puebla)"
Quercus hypoleucoides,"USA: (Arizona, SW New Mexico, W Texas), MEXICO: (Sonora, Chihuahua, Coahuila, Nuevo León, Durango)"
Quercus hypoxantha,"MEXICO: (Coahuila, Nuevo León, San Luis Potosí)"
Quercus ignaciensis,MEXICO: (Sonora)
Quercus iltisii,"MEXICO: (Jalisco, Colima)"
Quercus insignis,"MEXICO: (Jalisco, Veracruz, Oaxaca, Chiapas), CENTRAL AMERICA: BELIZE, GUATEMALA (Petén, Sacatepéquez), HONDURAS, NICARAGUA, COSTA RICA, PANAMA:"
Quercus intricata,"USA: (W Texas), MEXICO: (Chihuahua, Coahuila, Nuevo León, Durango, Zacatecas)"
Quercus invaginata,"MEXICO: (Chihuahua, Coahuila, Nuevo León)"
Quercus juergensenii,MEXICO: (Puebla)
Quercus ×knoblochii (Q. coccolobifolia Trel. × Q. viminea Trel.),"MEXICO: (Chihuahua, Sonora)"
Quercus laceyi,"USA: (Texas), MEXICO: (Coahuila, Nuevo León)"
Quercus laeta,"MEXICO: (Coahuila, Nuevo León, Sinaloa, Durango, SW Zacatecas, San Luis Potosí, Nayarit, Jalisco, Aguascalientes, Guanajuato, Querétaro, Hidalgo, Michoacán, México State, México DF, Oaxaca)"
Quercus lancifolia,"MEXICO: (Veracruz, Chiapas), CENTRAL AMERICA: BELIZE, GUATEMALA (Alta Verapaz, Chiquimula, Escuintla, Guatemala, Jalapa, Quetzaltenango, Retalhuleu, San Marcos, Sololá, Suchitepéquez), EL SALVADOR, HONDURAS, NICARAGUA, COSTA RICA, PANAMA"
Quercus laurina,"MEXICO: (Jalisco, Aguascalientes, Guanajuato, Querétaro, Hidalgo, Veracruz, Michoacán, México State, México DF, Morelos, Tlaxcala, Puebla, Guerrero, Oaxaca), CENTRAL AMERICA: GUATEMALA (Chimaltenango, Guatemala, Quetzaltenango, Sacatepéquez,"
Quercus ×lesueurii (Q. arizonica Sarg. × Q. gambelii Nutt.),Mexico: Chihuahua
Quercus liebmannii,"MEXICO: (Puebla, Guerrero, Oaxaca)"
Quercus lobata,MEXICO:
Quercus macdougallii,MEXICO: (Oaxaca)
Quercus magnoliifolia,"MEXICO: (Sinaloa, Nayarit, Jalisco, Querétaro, Hidalgo, Colima, Michoacán, México State, Morelos, Puebla, Guerrero, Oaxaca)"
Quercus manzanillana,MEXICO: (Puebla)
Quercus martinezii,"MEXICO: (Nayarit, Jalisco, Michoacán, México State, Guerrero, Oaxaca)"
Quercus mcvaughii,"MEXICO: (Sonora, Chihuahua, Durango)"
Quercus meavei,"MEXICO: (Hidalgo, Puebla, San Luis Potosi and Veracruz)"
Quercus melissae,"MEXICO: (Chiapas), GUATEMALA"
Quercus mexiae,MEXICO: Jalisco
Quercus mexicana,"MEXICO: (Chihuahua, Nuevo León, Tamaulipas, San Luis Potosí, Querétaro, Hidalgo, Veracruz, México State, México DF, Tlaxcala, Puebla)"
Quercus microphylla,"MEXICO: (Coahuila, Nuevo León, W Durango, Tamaulipas, San Luis Potosí, Nayarit, NE Jalisco, Aguascalientes, Guanajuato, Querétaro, Hidalgo, Veracruz, Puebla, Oaxaca)"
Quercus miquihuanensis,"MEXICO: (Nuevo León, Tamaulipas)"
Quercus mohriana,"USA: (NE New Mexico, W Oklahoma, WC & W Texas), MEXICO: (Coahuila)"
Quercus mulleri,MEXICO: (Oaxaca)
Quercus nixoniana,"MEXICO: (Jalisco, Guerrero, Oaxaca)"
Quercus oblongifolia,"USA: (Arizona, SW New Mexico, W Texas), MEXICO: (Sonora, Chihuahua, Coahuila, Durango)"
Quercus obtusanthera,MEXICO: (Guerrero)
Quercus obtusata,"MEXICO: (Nuevo León, Durango, S Zacatecas, San Luis Potosí, Nayarit, Jalisco, Guanajuato, Querétaro, Hidalgo, Veracruz, Michoacán, México State, México DF, Morelos, Puebla, Guerrero, Oaxaca)"
Quercus obtusata,MEXICO:
Quercus oleoides,"MEXICO: (Tamaulipas, San Luis Potosí, Querétaro, Hidalgo, Veracruz, Puebla, Oaxaca, Chiapas, Tabasco, Campeche, Yucatán), CENTRAL AMERICA: BELIZE, GUATEMALA (Alta Verapaz, Chiquimula, Petén, Izabal, Zacapa), HONDURAS, NICARAGUA, COSTA RICA"
Quercus oleoides,"MEXICO: (Puebla, Oaxaca, Chiapas, Tabasco, Campeche, Yucatán), CENTRAL AMERICA: BELIZE, GUATEMALA (Alta Verapaz, Chiquimula, Petén, Izabal, Zacapa), HONDURAS, NICARAGUA, COSTA RICA"
Quercus oocarpa,"MEXICO: (Nayarit, Jalisco, Veracruz, Guerrero, Chiapas), CENTRAL AMERICA: GUATEMALA (Baja Verapaz, Chiquimula, Guatemala, Huehuetenango, Zacapa), HONDURAS, COSTA RICA, PANAMA"
Quercus opaca,"MEXICO: (Tamaulipas, Hidalgo, México State, Oaxaca)"
Quercus ×pachucana,MEXICO: (Hidalgo)
Quercus palmeri,"USA: (Arizona, S California), MEXICO: (Baja California (Norte))"
Quercus ×pastorensis (Q. clivicola Trel. & C. H. Mull. × Q. glaucoides Humb. & Bonpl.),MEXICO: (Nuevo León)
Quercus paxtalensis,MEXICO: (Chiapas)
Quercus peduncularis,"MEXICO: (Nayarit, Jalisco, Veracruz, Colima, Michoacán, México State, Puebla, Guerrero, Oaxaca, Chiapas), CENTRAL AMERICA: BELIZE, GUATEMALA (Baja Verapaz, Chimaltenango, Chiquimula, El Quiché, Escuintla, Guatemala, Huehuetenango, Jalapa, Ju"
Quercus peninsularis,MEXICO: (Baja California (Norte))
Quercus perpallida,"MEXICO: (Baja California (Norte), Sonora, Chihuahua)"
Quercus pilicaulis,"MEXICO: (Chiapas), CENTRAL AMERICA: GUATEMALA (Baja Verapaz, Chimaltenango, Guatemala, Huehuetenango, Jutiapa, Quetzaltenango, Sacatepéquez, San Marcos, Sololá, Zacapa), HONDURAS"
Quercus pinnativenulosa,"MEXICO: (Nuevo León, Tamaulipas, San Luis Potosí, Querétaro, Veracruz)"
Quercus planipocula,"MEXICO: (Sinaloa, N Nayarit, S Jalisco, Guerrero, Michoacán)"
Quercus polymorpha,"USA: (S Texas), MEXICO: (Nuevo León, Tamaulipas, San Luis Potosí, Querétaro, Hidalgo, Veracruz, Puebla, Oaxaca, Chiapas), CENTRAL AMERICA: GUATEMALA (Chiquimula, Huehuetenango, Jalapa, Zacapa), HONDURAS"
Quercus porphyrogenita,MEXICO: (Nuevo León)
Quercus potosina,"MEXICO: (S Chihuahua, Durango, S Zacatecas, San Luis Potosí, N & NE Jalisco, Aguascalientes, Guanajuato)"
Quercus praeco,"MEXICO: (Zacatecas, Nayarit, Jalisco, Querétaro)"
Quercus pringlei,"MEXICO: (Coahuila, Nuevo León, Zacatecas, Querétaro)"
Quercus pungens,"USA: (Arizona, New Mexico, Texas), MEXICO: (Chihuahua, Coahuila)"
Quercus purulhana,"MEXICO: (Chiapas), CENTRAL AMERICA: BELIZE, GUATEMALA (Baja Verapaz, El Quiché, Sololá), HONDURAS, NICARAGUA"
Quercus radiata,"MEXICO: (Durango, Zacatecas, Nayarit)"
Quercus rekonis,MEXICO: (Oaxaca)
Quercus repanda,"MEXICO: (Querétaro, Hidalgo, Tlaxcala, Puebla)"
Quercus resinosa,"MEXICO: (Durango, S Zacatecas, San Luis Potosí, Nayarit, Jalisco, Aguascalientes, Guanajuato, Querétaro, Michoacán)"
Quercus rubramenta,"MEXICO: (Guerrero, Oaxaca)"
Quercus rugosa,"USA: (S Arizona, New Mexico, W Texas), MEXICO: (Sonora, Coahuila, Nuevo León, Durango, S Zacatecas, San Luis Potosí, Jalisco, Aguascalientes, Guanajuato, Querétaro, Hidalgo, Veracruz, Colima, Michoacán, México State, México DF, Morelos, Tlax"
Quercus rugosa,MEXICO: (Nuevo León)
Quercus rugosa,MEXICO: (Nuevo León)
Quercus rugosa,MEXICO: (Nuevo León)
Quercus runcinatifolia,MEXICO: (Nuevo León)
Quercus rysophylla,"MEXICO: (Nuevo León, San Luis Potosí, Querétaro, Hidalgo, Veracruz)"
Quercus salicifolia,"MEXICO: (Jalisco, Michoacán, Colima, Guerrero, Oaxaca, Chiapas), CENTRAL AMERICA: GUATEMALA (El Progreso, Huehuetenango, Zacapa), COSTA RICA, PANAMA"
Quercus saltillensis,"MEXICO: (Coahuila, Nuevo León)"
Quercus sanchez-colinii,MEXICO:
Quercus sapotifolia,"MEXICO: (Hidalgo, Veracruz, Oaxaca, Chiapas), CENTRAL AMERICA: BELIZE, GUATEMALA (Alta Verapaz, Baja Verapaz, Chiquimula, El Progreso, El Quiché, Guatemala, Huehuetenango, Jalapa, San Marcos), EL SALVADOR, HONDURAS, NICARAGUA, COSTA RICA, PA"
Quercus sapotifolia,MEXICO:
Quercus sartorii,"MEXICO: (San Luis Potosí, Querétaro, Veracruz, Puebla)"
Quercus schultzei,MEXICO: (Guerrero)
Quercus scytophylla,"MEXICO: (Sonora, Sinaloa, Nayarit, Jalisco, W Durango, Michoacán, México State, Puebla, Guerrero, Oaxaca)"
Quercus sebifera,"MEXICO: (Nuevo León, Tamaulipas, San Luis Potosí, Hidalgo, Veracruz, Puebla, Oaxaca, Chiapas)"
Quercus segoviensis,"MEXICO: (Chiapas), CENTRAL AMERICA: BELIZE, GUATEMALA (Baja Verapaz, Chimaltenango, Guatemala, Huehuetenango, Jalapa, Jutiapa, Sacatepéquez, San Marcos, Sololá, Zacapa), EL SALVADOR, HONDURAS, NICARAGUA"
Quercus sideroxyla,"MEXICO: (Sonora, Chihuahua, Coahuila, Nuevo León, Tamaulipas, W Durango, Zacatecas, San Luis Potosí, Nayarit, Jalisco, Aguascalientes, Guanajuato)"
Quercus sinuata,"USA: (Alabama, Arkansas, Florida, Georgia (US), Louisiana, Mississippi, North Carolina, Oklahoma, South Carolina, Texas), MEXICO: (Coahuila, Nuevo León, Tamaulipas)"
Quercus sinuata,"USA: (Oklahoma, Texas), MEXICO: (Coahuila, Nuevo León, Tamaulipas)"
Quercus skinneri,"MEXICO: (Tamaulipas, Veracruz, Oaxaca, Chiapas), CENTRAL AMERICA: BELIZE, GUATEMALA (Alta Verapaz, Baja Verapaz, Chimaltenango, El Quiché, Escuintla, Guatemala, Quetzaltenango, Sacatepéquez, San Marcos, Sololá), EL SALVADOR, HONDURAS"
Quercus sororia,"MEXICO: (Nayarit, Jalisco, W Michoacán, Guerrero, Oaxaca)"
Quercus striatula,"MEXICO: (Chihuahua, Durango, Zacatecas)"
Quercus subspathulata,"MEXICO: (Sonora, Chihuahua, N Sinaloa, Nayarit, S Durango, Jalisco)"
Quercus supranitida,MEXICO: (Nuevo León)
Quercus tarahumara,"MEXICO: (SE Sonora, SW Chihuahua, NE Sinaloa, NW Durango)"
Quercus tardifolia,"USA: (Texas: Chisos Mts), MEXICO: (Coahuila)"
Quercus tinkhamii,"MEXICO: (Nuevo León, San Luis Potosí)"
Quercus tomentella,"USA: (California: Channel Islands), MEXICO: (Baja California (Norte): Isla Guadalupe)"
Quercus toumeyi,"USA: (SE Arizona, SW New Mexico, W Texas), MEXICO: (Sonora, Chihuahua)"
Quercus toxicodendrifolia,MEXICO: (Hidalgo)
Quercus trinitatis,"MEXICO: (Hidalgo, Puebla)"
Quercus tristis,"MEXICO: (Chiapas), CENTRAL AMERICA: GUATEMALA (Chimaltenango, Chiquimula, Guatemala, Huehuetenango, Jalapa, Jutiapa, Quetzaltenango, Sacatepéquez, San Marcos, Sololá), EL SALVADOR"
Quercus tuberculata,"MEXICO: (Baja California (Norte), Sonora, Chihuahua, Sinaloa, Durango, Nayarit, Michoacán)"
Quercus tuitensis,MEXICO: (Jalisco)
Quercus turbinella,"USA: (Arizona, California, Colorado, Nevada, New Mexico, Texas, Utah), MEXICO: (Baja California (Norte), Sonora, Chihuahua)"
Quercus undata,MEXICO: (Durango)
Quercus ×undulata (Q. gambelii Nutt. × Q. grisea Liebm.),"USA: From which states?, MEXICO: (Chihuahua)"
Quercus urbanii,"MEXICO: (Sonora, Sinaloa, W Durango, N Nayarit, Jalisco, México State, Guerrero)"
Quercus uxoris,"MEXICO: (Jalisco, Aguascalientes, Colima, Guerrero, Oaxaca, Chiapas)"
Quercus vallicola,MEXICO: (México DF)
Quercus vaseyana,"USA: (Texas), MEXICO: (Chihuahua, Coahuila, Nuevo León)"
Quercus verde,MEXICO: (Nuevo León)
Quercus vicentensis,"MEXICO: (Chiapas), CENTRAL AMERICA: GUATEMALA ?, EL SALVADOR"
Quercus viminea,"USA: (S Arizona), MEXICO: (Sonora, W Chihuahua, Sinaloa, W Durango, N Nayarit, Jalisco, Aguascalientes, Guanajuato)"
Quercus wislizeni,"USA: (California, Oregon), MEXICO: (Baja California (Norte))"
Quercus wislizeni,"USA: (S California), MEXICO: (Baja California (Norte))"
Quercus wislizeni,"USA: (California), MEXICO: (Baja California (Norte))"
Quercus xalapensis,"MEXICO: (Nuevo León, Tamaulipas, San Luis Potosí, Querétaro, Hidalgo, Veracruz, Puebla, Chiapas), CENTRAL AMERICA: GUATEMALA ?, HONDURAS, NICARAGUA"
Quercus xylina,MEXICO:
