verbatim_name,match_status,accepted_name,usageKey,confidence
Quercus viminea,ACCEPTED,Quercus viminea,2879637,99
Quercus chrysolepis,ACCEPTED,Quercus chrysolepis,2879984,99
Quercus dumosa,ACCEPTED,Quercus dumosa,2880740,99
Quercus emoryi,ACCEPTED,Quercus emoryi,2878171,97
Quercus gambelii,ACCEPTED,Quercus gambelii,2878268,97
Quercus grisea,ACCEPTED,Quercus grisea,2879358,99
Quercus hypoleucoides,ACCEPTED,Quercus hypoleucoides,2878550,99
Quercus oblongifolia,ACCEPTED,Quercus oblongifolia,8390742,97
Quercus pungens,ACCEPTED,Quercus pungens,2878187,97
Quercus rugosa,ACCEPTED,Quercus rugosa,8386328,97
Quercus toumeyi,ACCEPTED,Quercus toumeyi,2879996,99
Quercus turbinella,ACCEPTED,Quercus turbinella,2878247,99
Quercus palmeri,ACCEPTED,Quercus palmeri,2880352,99
Quercus ajoensis,ACCEPTED,Quercus ajoensis,2878465,99
Quercus arizonica,ACCEPTED,Quercus arizonica,2877992,99
Quercus virginiana,ACCEPTED,Quercus virginiana,2878092,99
Quercus fusiformis,ACCEPTED,Quercus fusiformis,2880509,99
Quercus ilex,ACCEPTED,Quercus ilex,2879098,97
Quercus mohriana,ACCEPTED,Quercus mohriana,2880351,97
Quercus muehlenbergii,ACCEPTED,Quercus muehlenbergii,2879947,99
Quercus agrifolia,ACCEPTED,Quercus agrifolia,2880791,97
Quercus albocincta,ACCEPTED,Quercus albocincta,2881714,99
Quercus albocincta ,ACCEPTED,Quercus albocincta,2881714,99
Quercus chihuahuensis,ACCEPTED,Quercus chihuahuensis,2880884,99
Quercus chihuahuensis ,ACCEPTED,Quercus chihuahuensis,2880884,99
Quercus crassifolia,ACCEPTED,Quercus crassifolia,2878540,97
Quercus depressipes,ACCEPTED,Quercus depressipes,2878542,99
Quercus devia,ACCEPTED,Quercus devia,2877981,99
Quercus durifolia,ACCEPTED,Quercus durifolia,2881679,98
Quercus epileuca,SYNONYM,Quercus epileuca,2880780,98
Quercus magnoliifolia,ACCEPTED,Quercus magnoliifolia,2879847,99
Quercus mcvaughii,ACCEPTED,Quercus mcvaughii,3906051,99
Quercus perpallida,ACCEPTED,Quercus perpallida,2878029,99
Quercus scytophylla,ACCEPTED,Quercus scytophylla,2879486,99
Quercus sideroxyla,ACCEPTED,Quercus sideroxyla,2880775,98
Quercus subspathulata,ACCEPTED,Quercus subspathulata,2880891,99
Quercus tarahumara,ACCEPTED,Quercus tarahumara,2881117,99
Quercus tuberculata,ACCEPTED,Quercus tuberculata,2879308,99
Quercus brandegeei,ACCEPTED,Quercus brandegeei,2880008,99
Quercus x knoblochii,ACCEPTED,Quercus knoblochii,2881708,99
Quercus X knoblochii,ACCEPTED,Quercus knoblochii,2881708,99
Quercus buckleyi,ACCEPTED,Quercus buckleyi,2879863,99
Quercus kelloggii,ACCEPTED,Quercus kelloggii,2878586,99
Quercus coccinea,ACCEPTED,Quercus coccinea,8326061,98
Quercus acherdophylla,ACCEPTED,Quercus acherdophylla,2879825,99
Quercus acutifolia,ACCEPTED,Quercus acutifolia,2880727,99
Quercus affinis,ACCEPTED,Quercus affinis,2877984,97
Quercus alveolata,SYNONYM,Quercus alveolata,2878407,98
Quercus berberidifolia,ACCEPTED,Quercus berberidifolia,2878674,99
Quercus bocoynensis,SYNONYM,Quercus bocoynensis,2878543,98
Quercus bumelioides,SYNONYM,Quercus bumelioides,2878359,98
Quercus canbyi,ACCEPTED,Quercus canbyi,2878132,97
Quercus candicans,SYNONYM,Quercus candicans,2880687,98
Quercus castanea,ACCEPTED,Quercus castanea,2879127,97
Quercus Castanea,not_found,NA,NA,NA
Quercus charcasana,ACCEPTED,Quercus charcasana,2879410,97
Quercus coahuilensis,ACCEPTED,Quercus coahuilensis,2879366,99
Quercus conspersa,SYNONYM,Quercus conspersa,2878398,98
Quercus conzattii,ACCEPTED,Quercus conzattii,2878147,99
Quercus diversifolia,ACCEPTED,Quercus diversifolia,2879380,99
Quercus douglasii,ACCEPTED,Quercus douglasii,2878266,99
Quercus elliptica,ACCEPTED,Quercus elliptica,2878358,97
Quercus endemica,SYNONYM,Quercus endemica,2877994,98
Quercus fulva,ACCEPTED,Quercus fulva,2881100,99
Quercus gentryi,SYNONYM,Quercus gentryi,2880560,98
Quercus germana,ACCEPTED,Quercus germana,2881127,99
Quercus glabrescens,ACCEPTED,Quercus glabrescens,2879281,97
Quercus gravesii,ACCEPTED,Quercus gravesii,2879752,99
Quercus greggii,ACCEPTED,Quercus greggii,2879639,99
Quercus hartwegii,SYNONYM,Quercus hartwegii,2880071,98
Quercus hypoxantha,ACCEPTED,Quercus hypoxantha,2878388,99
Quercus knoblochii,ACCEPTED,Quercus knoblochii,2881708,99
Quercus laeta,ACCEPTED,Quercus laeta,2879073,99
Quercus laurina,ACCEPTED,Quercus laurina,2878632,97
Quercus mexicana,ACCEPTED,Quercus mexicana,2879574,97
Quercus microphylla,ACCEPTED,Quercus microphylla,2879555,97
Quercus miquihuanensis,ACCEPTED,Quercus miquihuanensis,2878246,99
Quercus moreliana,SYNONYM,Quercus moreliana,2879123,98
Quercus obtusata,ACCEPTED,Quercus obtusata,2880060,98
Quercus obtusifolia,ACCEPTED,Quercus obtusifolia,8041546,97
Quercus omissa,SYNONYM,Quercus omissa,2880781,98
Quercus pallescens,SYNONYM,Quercus pallescens,2879086,98
Quercus paxtalensis,ACCEPTED,Quercus paxtalensis,2880709,99
Quercus peduncularis,ACCEPTED,Quercus peduncularis,2880017,99
Quercus perseaefolia,ACCEPTED,Quercus perseaefolia,7274486,99
Quercus planipocula,ACCEPTED,Quercus planipocula,2879795,99
Quercus polymorpha,ACCEPTED,Quercus polymorpha,2878068,99
Quercus porphyrogenita,ACCEPTED,Quercus porphyrogenita,2879364,99
Quercus potosina,ACCEPTED,Quercus potosina,2880656,99
Quercus praineana,SYNONYM,Quercus praineana,3906354,98
Quercus radiata,ACCEPTED,Quercus radiata,2878663,99
Quercus rysophylla,ACCEPTED,Quercus rysophylla,2879735,99
Quercus salicifolia,ACCEPTED,Quercus salicifolia,2878952,97
Quercus sartorii,ACCEPTED,Quercus sartorii,2880720,97
Quercus sebifera,ACCEPTED,Quercus sebifera,2879369,99
Quercus seemannii,ACCEPTED,Quercus seemannii,2878665,99
Quercus skinneri,ACCEPTED,Quercus skinneri,2879011,99
Quercus subtriloba,SYNONYM,Quercus subtriloba,2879932,98
Quercus tinkhami,ACCEPTED,Quercus tinkhamii,2879052,96
Quercus tomentella,ACCEPTED,Quercus tomentella,2878206,98
Quercus tridens,SYNONYM,Quercus tridens,2879870,97
Quercus vicentensis,ACCEPTED,Quercus vicentensis,2881651,99
Quercus xalapensis,ACCEPTED,Quercus xalapensis,2880707,98
Quercus sinuata,ACCEPTED,Quercus sinuata,2879488,97
Quercus laceyi,ACCEPTED,Quercus laceyi,2879361,99
Quercus sinuata var. breviloba,ACCEPTED,Quercus sinuata breviloba,2879489,99
Quercus vaseyana,ACCEPTED,Quercus vaseyana,2879249,99
Quercus durandii,SYNONYM,Quercus durandii,2879503,98
Quercus shumardii,ACCEPTED,Quercus shumardii,2878289,99
Quercus agrifolia var. agrifolia,SYNONYM,Quercus agrifolia agrifolia,4274897,98
Quercus agrifolia var. oxyadenia,SYNONYM,Quercus agrifolia oxyadenia,2880795,98
Quercus carmenensis,ACCEPTED,Quercus carmenensis,2879484,99
Quercus cedrosensis,ACCEPTED,Quercus cedrosensis,2880835,99
Quercus cornelius-mulleri,ACCEPTED,Quercus cornelius-mulleri,2880518,99
Quercus cornelius-Mulleri,SYNONYM,Quercus cornea,2877340,92
Quercus drummondii,ACCEPTED,Quercus drummondii,2881710,99
Quercus engelmannii,ACCEPTED,Quercus engelmannii,2880771,99
Quercus geminata,ACCEPTED,Quercus geminata,2878250,97
Quercus graciliformis,SYNONYM,Quercus graciliformis,2878143,98
Quercus hinckleyi,ACCEPTED,Quercus hinckleyi,2880522,99
Quercus intricata,ACCEPTED,Quercus intricata,2879547,99
Quercus laurifolia,ACCEPTED,Quercus laurifolia,2877708,97
Quercus nigra,ACCEPTED,Quercus nigra,2879328,97
Quercus obtusa,ACCEPTED,Quercus obtusa,8797335,97
Quercus wislizeni,ACCEPTED,Quercus wislizeni,2878384,99
Quercus x acutidens,ACCEPTED,Quercus acutidens,2879060,99
Quercus X alvordiana,ACCEPTED,Quercus alvordiana,2878156,97
Quercus wislizeni var. frutescens,ACCEPTED,Quercus wislizeni frutescens,2878385,99
Quercus aerea,ACCEPTED,Quercus aerea,2878210,99
Quercus aristata,ACCEPTED,Quercus aristata,2878107,99
Quercus basaseachicensis,ACCEPTED,Quercus basaseachicensis,2880725,99
Quercus bolanyosensis,SYNONYM,Quercus bolanyosensis,2879638,98
Quercus chuhuichupensis,SYNONYM,Quercus chuhuichupensis,2879997,98
Quercus clivicola,SYNONYM,Quercus clivicola,2879074,98
Quercus confertifolia,ACCEPTED,Quercus confertifolia,2878551,97
Quercus convallata,ACCEPTED,Quercus convallata,2878200,99
Quercus corrugata,ACCEPTED,Quercus corrugata,2880406,99
Quercus cortesii,ACCEPTED,Quercus cortesii,2879995,99
Quercus crassipes,ACCEPTED,Quercus crassipes,2879568,98
Quercus crispipilis,ACCEPTED,Quercus crispipilis,2880871,99
Quercus cualensis,ACCEPTED,Quercus cualensis,2880009,99
Quercus depressa,ACCEPTED,Quercus depressa,2876801,97
Quercus deserticola,ACCEPTED,Quercus deserticola,2878402,99
Quercus dysophylla,ACCEPTED,Quercus dysophylla,2880959,99
Quercus × dysophylla,ACCEPTED,Quercus dysophylla,2880959,99
Quercus eugeniaefolia,SYNONYM,Quercus eugeniifolia,2880966,92
Quercus excelsa,SYNONYM,Quercus excelsa,2879105,98
Quercus flocculenta,ACCEPTED,Quercus flocculenta,2880955,99
Quercus frutex,ACCEPTED,Quercus frutex,2878230,99
Quercus galeotti,SYNONYM,Quercus galeottii,2881132,96
Quercus hintonii,ACCEPTED,Quercus hintonii,2880370,99
Quercus hintoniorum,ACCEPTED,Quercus hintoniorum,2880356,99
Quercus iltisii,ACCEPTED,Quercus iltisii,2879360,99
Quercus invaginata,ACCEPTED,Quercus invaginata,2879037,99
Quercus Invaginata,not_found,NA,NA,NA
Quercus lancifolia,ACCEPTED,Quercus lancifolia,2877988,97
Quercus laxa,SYNONYM,Quercus laxa,2879565,98
Quercus leiophylla,SYNONYM,Quercus leiophylla,2879101,98
Quercus lesueuri,SYNONYM,Quercus lesueuri,2880436,98
Quercus loeseneri,SYNONYM,Quercus loeseneri,2879645,98
Quercus macdougallii,ACCEPTED,Quercus macdougallii,2879274,99
Quercus magnoliaefolia,ACCEPTED,Quercus magnoliifolia,2879847,93
Quercus martinezii,ACCEPTED,Quercus martinezii,2880059,99
Quercus oajacana,SYNONYM,Quercus oajacana,2878600,98
Quercus oleoides,ACCEPTED,Quercus oleoides,2878086,99
Quercus opaca,ACCEPTED,Quercus opaca,2880016,99
Quercus peninsularis,ACCEPTED,Quercus peninsularis,2878314,99
Quercus pennivenia,ACCEPTED,Quercus pennivenia,2878469,99
Quercus polycarpa,SYNONYM,Quercus polycarpa,2880321,98
Quercus praeco,ACCEPTED,Quercus praeco,2880441,99
Quercus pringlei,ACCEPTED,Quercus pringlei,2880004,98
Quercus pungens subsp. vaseyana,SYNONYM,Quercus pungens vaseyana,6289947,98
Quercus repanda,ACCEPTED,Quercus repanda,2879557,97
Quercus resinosa,ACCEPTED,Quercus resinosa,2879646,99
Quercus rubramenta,ACCEPTED,Quercus rubramenta,2879826,99
Quercus saltillensis,ACCEPTED,Quercus saltillensis,2879090,99
Quercus sapotaefolia,ACCEPTED,Quercus sapotifolia,2878354,93
Quercus segoviensis,ACCEPTED,Quercus segoviensis,2878259,99
Quercus sororia,ACCEPTED,Quercus sororia,2878541,99
Quercus spicata,ACCEPTED,Fagaceae,4689,97
Quercus splendens,SYNONYM,Quercus splendens,2878539,98
Quercus striatula,ACCEPTED,Quercus striatula,2880535,99
Quercus tinkhamii,ACCEPTED,Quercus tinkhamii,2879052,99
Quercus toxicodendrifolia,ACCEPTED,Quercus toxicodendrifolia,2879102,99
Quercus transmontana,SYNONYM,Quercus transmontana,2879083,98
Quercus trinitatis,SYNONYM,Quercus trinitatis,2878623,98
Quercus tuitensis,ACCEPTED,Quercus tuitensis,8960214,99
Quercus urbani,ACCEPTED,Quercus urbani,3906125,99
Quercus urbanii,ACCEPTED,Quercus urbani,3906125,96
Quercus uruapanensis,SYNONYM,Quercus uruapanensis,2878400,98
Quercus uxoris,ACCEPTED,Quercus uxoris,2880996,99
Quercus vaccinifolia,ACCEPTED,Quercus vacciniifolia,10918497,95
Quercus virens,SYNONYM,Quercus virens,2878100,98
Quercus xylina,ACCEPTED,Quercus xylina,2879566,99
Quercus emoryi x viminea,not_found,NA,NA,NA
Quercus acapulcensis,SYNONYM,Quercus acapulcensis,2879824,98
Quercus boqueronae,SYNONYM,Quercus boqueronae,2880420,98
Quercus chesosensis,SYNONYM,Quercus chesosensis,2879756,98
Quercus cordifolia,SYNONYM,Quercus cordifolia,2880536,98
Quercus decipiens,ACCEPTED,Quercus decipiens,7794199,97
Quercus errans,SYNONYM,Quercus errans,2879121,98
Quercus infralutea,SYNONYM,Quercus infralutea,2880889,98
Quercus lanigera,SYNONYM,Quercus lanigera,2879131,98
Quercus macrophylla,ACCEPTED,Fagaceae,4689,97
Quercus monterreyensis,SYNONYM,Quercus monterreyensis,2879311,98
Quercus platyphylla,ACCEPTED,Quercus,2877951,97
Quercus revoluta,SYNONYM,Quercus revoluta,2879931,98
Quercus sentenelensis,SYNONYM,Quercus sentenelensis,2879954,98
Quercus standleyi,SYNONYM,Quercus standleyi,2879313,98
Quercus stewardii,SYNONYM,Quercus stewardii,2880377,98
Quercus stipularis,SYNONYM,Quercus stipularis,2879119,97
Quercus cupreata,SYNONYM,Quercus cupreata,2880723,98
Quercus turbinella subsp. turbinella,SYNONYM,Quercus turbinella turbinella,7568985,98
Quercus jonesii,ACCEPTED,Quercus jonesii,2880325,99
Quercus barrancana,ACCEPTED,Quercus barrancana,9604250,99
Quercus benthamii,ACCEPTED,Quercus benthamii,2879030,99
Quercus coffeicolor,ACCEPTED,Quercus coffeicolor,2878301,99
Quercus crispifolia,ACCEPTED,Quercus crispifolia,2880948,99
Quercus eduardi,ACCEPTED,Quercus eduardi,6045217,99
Quercus furfuracea,ACCEPTED,Quercus furfuracea,2880577,99
Quercus galeanensis,ACCEPTED,Quercus galeanensis,2880401,99
Quercus gilva,ACCEPTED,Quercus gilva,2879999,99
Quercus glaucescens,ACCEPTED,Quercus glaucescens,2879619,98
Quercus insignis,ACCEPTED,Quercus insignis,2880526,99
Quercus liebmannii,ACCEPTED,Quercus liebmannii,2877977,97
Quercus macvaughii,ACCEPTED,Quercus macvaughii,2880358,99
Quercus mulleri,ACCEPTED,Quercus mulleri,2879535,99
Quercus ocoteifolia,SYNONYM,Quercus ocoteifolia,2878609,98
Quercus oocarpa,ACCEPTED,Quercus oocarpa,2880361,99
Quercus pinnativenulosa,ACCEPTED,Quercus pinnativenulosa,2880324,99
Quercus rhysophylla,ACCEPTED,Quercus rysophylla,2879735,96
Quercus sapotifolia,ACCEPTED,Quercus sapotifolia,2878354,99
Quercus x basaseachicensis,ACCEPTED,Quercus basaseachicensis,2880725,99
Quercus ariifolia,ACCEPTED,Quercus ariifolia,2878009,99
Quercus centralis,SYNONYM,Quercus centralis,2879081,98
Quercus derrumbaderoensis,SYNONYM,Quercus derrumbaderoensis,2879641,98
Quercus durangensis,SYNONYM,Quercus durangensis,2878015,98
Quercus duraznillo,SYNONYM,Quercus duraznillo,2878177,98
Quercus idonea,SYNONYM,Quercus idonea,2879310,98
Quercus ignaciensis,ACCEPTED,Quercus ignaciensis,2881642,99
Quercus sierramadrensis,SYNONYM,Quercus sierramadrensis,2880719,98
Quercus supranitida,ACCEPTED,Quercus supranitida,2879454,99
Quercus vellifera,SYNONYM,Quercus vellifera,2878005,98
Quercus verde,ACCEPTED,Quercus verde,2881688,99
Quercus vexans,SYNONYM,Quercus vexans,2880715,98
Quercus breedloveana,ACCEPTED,Quercus breedloveana,10755360,99
Quercus delgadoana,ACCEPTED,Quercus delgadoana,7475288,99
Quercus deliquescens,ACCEPTED,Quercus deliquescens,2881253,99
Quercus hirtifolia,ACCEPTED,Quercus hirtifolia,2879531,99
Quercus meavei,ACCEPTED,Quercus meavei,9328514,99
Quercus nixoniana,ACCEPTED,Quercus nixoniana,2879154,99
Quercus runcinatifolia,ACCEPTED,Quercus runcinatifolia,2881249,99
Quercus purulhana,ACCEPTED,Quercus purulhana,2881673,99
Quercus floccosa,ACCEPTED,Quercus floccosa,2880989,99
Quercus alvordiana,ACCEPTED,Quercus alvordiana,2878156,97
Quercus pulchella,ACCEPTED,Quercus,2877951,97
Quercus grandis,ACCEPTED,Quercus,2877951,97
Quercus centenaria,ACCEPTED,Quercus centenaria,11370813,99
Quercus mexiae,ACCEPTED,Quercus mexiae,11377982,99
Quercus huicholensis,ACCEPTED,Quercus huicholensis,12185118,99
Quercus alpescens,ACCEPTED,Quercus alpescens,2879539,99
Quercus rekonis,ACCEPTED,Quercus rekonis,2880075,99
Quercus undata,ACCEPTED,Quercus undata,2880651,99
Quercus duraznillo f. pinetorum,SYNONYM,Quercus duraznillo pinetorum,2878176,98
Quercus balsequillana,SYNONYM,Quercus balsequillana,2878175,98
Quercus marshii,SYNONYM,Quercus marshii,2880104,98
Quercus albifolia,SYNONYM,Quercus albifolia,2880103,98
Quercus alamosensis,SYNONYM,Quercus alamosensis,2879136,98
Quercus undulata var. grisea,SYNONYM,Quercus undulata grisea,2879359,98
Quercus hypoleuca,ACCEPTED,Fagaceae,4689,97
Quercus undulata,ACCEPTED,Quercus undulata,2879031,97
Quercus undulata var. pungens,SYNONYM,Quercus undulata pungens,2878189,98
Quercus pungens var. pungens,SYNONYM,Quercus pungens pungens,4274895,98
Quercus diversicolor,SYNONYM,Quercus diversicolor,2877999,98
Quercus reticulata,SYNONYM,Quercus reticulata,2878016,97
Quercus dugesii,SYNONYM,Quercus dugesii,2878021,98
Quercus innuncupata,SYNONYM,Quercus innuncupata,2878010,98
Quercus rhodophlebia,SYNONYM,Quercus rhodophlebia,2878022,98
Quercus purpusii,SYNONYM,Quercus purpusii,2878013,98
Quercus rhodophlebia f. applanata,SYNONYM,Quercus rhodophlebia applanata,2878020,98
Quercus rhodophlebia f. concava,SYNONYM,Quercus rhodophlebia concava,2878011,98
Quercus rhodophlebia f. crenata,SYNONYM,Quercus rhodophlebia crenata,2878000,98
Quercus dunnii,SYNONYM,Quercus dunnii,2880353,97
Quercus muhlenbergii,SYNONYM,Quercus muhlenbergii,6371939,98
Quercus brayi,SYNONYM,Quercus brayi,2879953,98
Quercus muehlenbergii var. alexanderi,SYNONYM,Quercus muehlenbergii alexanderi,2879950,97
Quercus santaclarensis,SYNONYM,Quercus santaclarensis,2880887,98
Quercus jaliscensis,SYNONYM,Quercus jaliscensis,2880886,98
Quercus orbiculata,SYNONYM,Quercus orbiculata,2879122,98
Quercus miguelitensis,SYNONYM,Quercus miguelitensis,2879115,98
Quercus splendens var. pallidior,SYNONYM,Quercus splendens pallidior,2879117,98
Quercus brachystachys,SYNONYM,Quercus brachystachys,2879118,98
Quercus felipensis,SYNONYM,Quercus felipensis,2879114,98
Quercus oblongifolia var. pallidinervis,SYNONYM,Quercus oblongifolia pallidinervis,2878544,98
Quercus nudinervis,SYNONYM,Quercus nudinervis,2879849,98
Quercus incarnata,SYNONYM,Quercus incarnata,2880779,98
Quercus sideroxyla f. ciliifera,SYNONYM,Quercus sideroxyla ciliifera,2880783,98
Quercus sideroxyla f. aquifolia,SYNONYM,Quercus sideroxyla aquifolia,2880777,98
Quercus pallidifolia,SYNONYM,Quercus pallidifolia,2880892,98
Quercus brandegei,ACCEPTED,Quercus brandegeei,2880008,96
Quercus grahamii,ACCEPTED,Quercus grahamii,2880735,97
Quercus monserratensis,SYNONYM,Quercus monserratensis,2880732,98
Quercus acatenangensis,ACCEPTED,Quercus acatenangensis,2878622,99
Quercus nitens var. subintegra,SYNONYM,Quercus nitens subintegra,2877990,98
Quercus nitens,SYNONYM,Quercus nitens,2877986,98
Quercus alamarensis,SYNONYM,Quercus alamarensis,2878140,98
Quercus graciliramis,SYNONYM,Quercus graciliramis,2878137,98
Quercus canbyi f. ascendens,SYNONYM,Quercus canbyi ascendens,2878142,98
Quercus canbyi f. attenuata,SYNONYM,Quercus canbyi attenuata,2878133,98
Quercus canbyi f. berlandieri,SYNONYM,Quercus canbyi berlandieri,2878146,98
Quercus canbyi f. karwinskii,SYNONYM,Quercus canbyi karwinskii,2878144,98
Quercus canbyi f. pedunculata,SYNONYM,Quercus canbyi pedunculata,2878135,98
Quercus canbyi f. setacea,SYNONYM,Quercus canbyi setacea,2878139,98
Quercus canbyi f. subovatifolia,SYNONYM,Quercus canbyi subovatifolia,2878145,98
Quercus alamo,SYNONYM,Quercus alamo,2880700,98
Quercus calophylla,ACCEPTED,Quercus calophylla,2880691,99
Quercus candicans f. michoacana,SYNONYM,Quercus candicans michoacana,2880696,98
Quercus circummontana,SYNONYM,Quercus circummontana,2879140,98
Quercus impressa,SYNONYM,Quercus impressa,2879151,98
Quercus subcrispata,SYNONYM,Quercus subcrispata,2879150,98
Quercus rossii,ACCEPTED,Quercus,2877951,94
Quercus simillima,SYNONYM,Quercus simillima,2879144,98
Quercus bonplandiana,SYNONYM,Quercus bonplandiana,2879381,98
Quercus botryocarpa,SYNONYM,Quercus botryocarpa,2878596,98
Quercus peradifolia,SYNONYM,Quercus peradifolia,2878608,98
Quercus chiquihuitillonis,SYNONYM,Quercus chiquihuitillonis,2878606,98
Quercus langlassei,SYNONYM,Quercus langlassei,2878601,98
Quercus hondurensis,SYNONYM,Quercus hondurensis,2878597,98
Quercus exaristata,SYNONYM,Quercus exaristata,2878599,98
Quercus substenocarpa,SYNONYM,Quercus substenocarpa,2881129,98
Quercus radlkoferiana,SYNONYM,Quercus radlkoferiana,2879282,98
Quercus reticulata f. pungens,SYNONYM,Quercus reticulata pungens,2879643,98
Quercus reticulata var. greggii,SYNONYM,Quercus reticulata greggii,2879642,98
Quercus errans f. graciliramis,SYNONYM,Quercus errans graciliramis,2878389,98
Quercus prinopsis,SYNONYM,Quercus prinopsis,2879078,98
Quercus clivicola f. dentata,SYNONYM,Quercus clivicola dentata,2879075,98
Quercus obscura var. perpusilla,SYNONYM,Quercus obscura perpusilla,2879085,98
Quercus clivicola f. elongata,SYNONYM,Quercus clivicola elongata,2879080,98
Quercus barbinervis,SYNONYM,Quercus barbinervis,2879875,98
Quercus lanceolata,ACCEPTED,Quercus,2877951,97
Quercus nitens var. major,SYNONYM,Quercus nitens major,2879882,98
Quercus orizabae,SYNONYM,Quercus orizabae,2879865,98
Quercus roseovenulosa,SYNONYM,Quercus roseovenulosa,2879883,98
Quercus treleaseana,SYNONYM,Quercus treleaseana,2879880,98
Quercus bourgaei,ACCEPTED,Quercus bourgaei,8100374,97
Quercus bourgaei var. ilicifolia,SYNONYM,Quercus bourgaei ilicifolia,2879874,98
Quercus chrysophylla,SYNONYM,Quercus chrysophylla,2879867,97
Quercus pablillensis,SYNONYM,Quercus pablillensis,2881094,98
Quercus rugulosa,SYNONYM,Quercus rugulosa,2881089,98
Quercus rugulosa f. subtruncata,SYNONYM,Quercus rugulosa subtruncata,2881098,98
Quercus alvarezensis,SYNONYM,Quercus alvarezensis,2880069,98
Quercus atriglans,SYNONYM,Quercus atriglans,2880065,98
Quercus panduriformis,SYNONYM,Quercus panduriformis,2880070,98
Quercus panduriformis f. rubrinervis,SYNONYM,Quercus panduriformis rubrinervis,2880063,98
Quercus dolichopus,SYNONYM,Quercus dolichopus,2880034,98
Quercus martensiana,SYNONYM,Quercus martensiana,2880030,98
Quercus pilicaulis,SYNONYM,Quercus pilicaulis,2880025,98
Quercus tomentosa var. communis,SYNONYM,Quercus tomentosa communis,2880033,98
Quercus martensiana f. berlandieri,SYNONYM,Quercus martensiana berlandieri,2880020,98
Quercus germana var. lemmonii,SYNONYM,Quercus germana lemmonii,2878072,98
Quercus petiolaris,ACCEPTED,Quercus,2877951,97
Quercus polymorpha f. angustifolia,SYNONYM,Quercus polymorpha angustifolia,2878073,98
Quercus jaralensis f. berlandieri,SYNONYM,Quercus jaralensis berlandieri,2880657,98
Quercus duratifolia,SYNONYM,Quercus duratifolia,2879823,98
Quercus gulielmi-treleasei,ACCEPTED,Quercus gulielmi-treleasei,3906427,99
Quercus sartorii f. magna,SYNONYM,Quercus sartorii magna,2880716,98
Quercus trinidadensis,SYNONYM,Quercus trinidadensis,2879372,98
Quercus schenckiana,SYNONYM,Quercus schenckiana,2879370,98
Quercus eugeniifolia,SYNONYM,Quercus eugeniifolia,2880966,98
Quercus flagellifera,SYNONYM,Quercus flagellifera,2878666,98
Quercus chiapasensis,SYNONYM,Quercus chiapasensis,2879019,98
Quercus siltepecana,SYNONYM,Quercus siltepecana,2881652,98
Quercus tenuiloba,SYNONYM,Quercus tenuiloba,2880724,98
Quercus cupreata f. brachystachys,SYNONYM,Quercus cupreata brachystachys,2880712,98
Quercus tenuiloba f. gracilis,SYNONYM,Quercus tenuiloba gracilis,2880713,97
Quercus tenuiloba f. hirsuta,SYNONYM,Quercus tenuiloba hirsuta,2880714,98
Quercus cupreata f. serrata,SYNONYM,Quercus cupreata serrata,2880718,98
Quercus glaucoides,ACCEPTED,Quercus glaucoides,2879457,99
Quercus microlepis,ACCEPTED,Quercus,2877951,97
Quercus breviloba,SYNONYM,Quercus breviloba,2879498,98
Quercus undulata var. breviloba,SYNONYM,Quercus undulata breviloba,2879490,98
Quercus pungens var. vaseyana,SYNONYM,Quercus pungens vaseyana,2879250,98
Quercus sillae,SYNONYM,Quercus sillae,2879252,98
Quercus intricata f. angusta,SYNONYM,Quercus intricata angusta,2879549,98
Quercus intricata f. erratica,SYNONYM,Quercus intricata erratica,2879552,98
Quercus intricata f. ovata,SYNONYM,Quercus intricata ovata,2879551,98
Quercus microphylla var. crispata,SYNONYM,Quercus microphylla crispata,2879550,98
Quercus tristis,ACCEPTED,Quercus,2877951,97
Quercus wislizenii,ACCEPTED,Quercus wislizeni,2878384,96
Quercus rhodophlebia f. apus,SYNONYM,Quercus rhodophlebia apus,2878202,98
Quercus cuajimalpana,SYNONYM,Quercus cuajimalpana,2879570,98
Quercus mexicana var. glabrata,SYNONYM,Quercus mexicana glabrata,2879569,97
Quercus subavenia,SYNONYM,Quercus subavenia,2878633,98
Quercus tamiapensis,SYNONYM,Quercus tamiapensis,2878408,98
Quercus texcocana,SYNONYM,Quercus texcocana,2878403,98
Quercus esperanzae,SYNONYM,Quercus esperanzae,2880961,98
Quercus fournieri,SYNONYM,Quercus fournieri,2880962,98
Quercus hahnii,SYNONYM,Quercus hahnii,2880960,98
Quercus flocculenta f. incisa,SYNONYM,Quercus flocculenta incisa,2880957,98
Quercus flocculenta f. oblongifolia,SYNONYM,Quercus flocculenta oblongifolia,2880956,98
Quercus hintoni,ACCEPTED,Quercus hintonii,2880370,96
Quercus apiophylla,SYNONYM,Quercus apiophylla,2880371,98
Quercus sagata,SYNONYM,Quercus sagata,2880373,98
Quercus invaginata f. purpusiana,SYNONYM,Quercus invaginata purpusiana,2879038,98
Quercus cyclobalanoides,SYNONYM,Quercus cyclobalanoides,2880411,98
Quercus ovandensis,SYNONYM,Quercus ovandensis,2880409,98
Quercus pilarius,SYNONYM,Quercus pilarius,2880418,98
Quercus filiformis,ACCEPTED,Quercus,2877951,97
Quercus pringlei f. dentata,SYNONYM,Quercus pringlei dentata,2880005,98
Quercus carnerosana,SYNONYM,Quercus carnerosana,2879091,98
Quercus coccolobifolia,SYNONYM,Quercus coccolobifolia,2880328,98
Quercus endlichiana,SYNONYM,Quercus endlichiana,2880329,98
Quercus coccolobaefolia,SYNONYM,Quercus coccolobifolia,2880328,92
Quercus endlichiana f. minor,SYNONYM,Quercus endlichiana minor,2880327,98
Quercus endlichiana f. serrata,SYNONYM,Quercus endlichiana serrata,2880326,98
Quercus aequivenulosa,SYNONYM,Quercus aequivenulosa,2878303,98
Quercus strombocarpa,SYNONYM,Quercus strombocarpa,2880532,98
Quercus poculifer,SYNONYM,Quercus poculifer,2877978,98
Quercus nitens var. podocarpa,SYNONYM,Quercus nitens podocarpa,2878617,98
Quercus conglomerata,ACCEPTED,Quercus,2877951,97
Quercus perseifolia,SYNONYM,Quercus persiifolia,2878367,93
Quercus persiifolia,SYNONYM,Quercus persiifolia,2878367,98
Quercus totutlensis,SYNONYM,Quercus totutlensis,2878372,98
Quercus axillaris,ACCEPTED,Quercus,2877951,97
Quercus revoluta f. acuta,SYNONYM,Quercus revoluta acuta,2879455,98
Quercus obscura,ACCEPTED,Quercus,2877951,97
Quercus stenophylla,SYNONYM,Quercus stenophylla,2879598,98
Quercus,ACCEPTED,Quercus,2877951,94
